block,stimulus,response,start_tic,stop_tic
1,dots,left,32484,33448
1,dots,right,33610,34626
1,dots,left,34766,35718
1,dots,left,35899,37288
1,dots,left,37443,38619
1,dots,left,38771,40223
1,dots,right,40379,41878
1,dots,left,42037,43125
1,dots,left,43262,44814
1,dots,right,44951,46435
1,dots,left,46608,47851
1,dots,left,47991,49558
1,dots,right,49721,50837
1,dots,left,51018,52169
1,dots,left,52354,53534
1,dots,right,53702,54592
1,dots,left,54766,55838
1,dots,right,55995,57066
1,dots,right,57244,58363
1,dots,left,58539,59610
1,dots,right,59767,60889
1,dots,left,61051,62579
1,dots,left,62721,64012
1,dots,right,64184,65258
1,dots,right,65424,66606
1,dots,left,66784,67921
1,dots,left,68082,69303
1,dots,right,69485,70514
1,dots,left,70680,71573
1,dots,left,71724,72699
1,dots,left,72869,73928
1,dots,right,74076,75105
1,dots,right,75272,76453
1,dots,right,76615,77767
1,dots,right,77932,79030
1,dots,left,79164,80447
1,dots,right,80598,82409
1,dots,right,82561,83654
1,dots,left,83831,85038
1,dots,left,85230,86556
1,dots,left,86718,87990
1,dots,right,88125,89235
1,dots,left,89384,90925
1,dots,right,91082,92819
1,dots,right,92967,93945
1,dots,right,94096,95481
1,dots,right,95640,97034
1,dots,right,97186,98911
1,dots,right,99064,100106
1,dots,right,100264,102290
1,blobs,left,106458,107393
1,blobs,right,107410,108349
1,blobs,right,108366,109168
1,blobs,left,109184,110209
1,blobs,left,110226,111370
1,blobs,left,111386,112906
1,blobs,right,112922,114987
1,blobs,right,115004,115926
1,blobs,right,115943,116865
1,blobs,right,116886,118298
1,blobs,left,118315,119834
1,blobs,right,119851,120960
1,blobs,left,120977,121984
1,blobs,right,122005,123247
1,blobs,right,123264,124186
1,blobs,left,124202,125158
1,blobs,right,125179,126131
1,blobs,right,126148,128162
1,blobs,left,128182,129186
1,blobs,left,129202,130517
1,blobs,right,130534,131439
1,blobs,right,131542,132650
1,blobs,left,132670,134357
1,blobs,right,134373,135398
1,blobs,right,135414,136456
1,blobs,left,136472,137514
1,blobs,left,137530,138658
1,blobs,right,138674,140159
1,blobs,right,140175,141422
1,blobs,right,141439,142958
1,blobs,left,142976,144340
1,blobs,right,144357,145688
1,blobs,right,145704,146814
1,blobs,right,146831,148180
1,blobs,left,148197,149204
1,blobs,right,149220,150689
1,blobs,left,150705,151951
1,blobs,right,151968,152958
1,blobs,left,152975,154033
1,blobs,left,154054,155177
1,blobs,left,155198,156184
1,blobs,right,156200,157139
1,blobs,left,157156,158197
1,blobs,left,158215,159187
1,blobs,left,159206,160194
1,blobs,right,160214,161235
1,blobs,left,161258,162276
1,blobs,right,162293,163556
1,blobs,left,163573,164648
1,blobs,right,164669,165655
2,dots,left,273306,274481
2,dots,right,274636,275504
2,dots,left,275660,276938
2,dots,left,277102,278338
2,dots,left,278516,280658
2,dots,right,280812,282057
2,dots,right,282215,283508
2,dots,left,283667,285590
2,dots,right,285726,286955
2,dots,left,287093,288048
2,dots,left,288244,289431
2,dots,right,289564,290454
2,dots,left,290617,291768
2,dots,right,291950,293372
2,dots,left,293546,294464
2,dots,right,294651,295608
2,dots,left,295765,296785
2,dots,right,296954,298406
2,dots,right,298557,299771
2,dots,left,299948,301155
2,dots,right,301343,302690
2,dots,left,302834,304124
2,dots,right,304270,305215
2,dots,right,305368,306307
2,dots,right,306489,307809
2,dots,left,307984,308953
2,dots,right,309141,310011
2,dots,right,310193,311154
2,dots,left,311345,312093
2,dots,left,312258,313305
2,dots,right,313484,314840
2,dots,right,314985,316427
2,dots,right,316604,317980
2,dots,right,318148,319277
2,dots,right,319438,320370
2,dots,left,320514,321667
2,dots,left,321839,323117
2,dots,right,323267,324499
2,dots,right,324662,325831
2,dots,left,326001,327281
2,dots,right,327445,328663
2,dots,right,328799,329807
2,dots,left,329972,331121
2,dots,right,331278,332264
2,dots,left,332406,333647
2,dots,left,333811,334927
2,dots,left,335085,336531
2,dots,right,336706,337947
2,dots,right,338123,339158
2,dots,right,339314,340353
2,blobs,left,342726,343767
2,blobs,right,343784,344586
2,blobs,right,344606,345405
2,blobs,left,345426,346139
2,blobs,left,346163,346975
2,blobs,right,346991,347982
2,blobs,left,347998,349023
2,blobs,left,349039,350491
2,blobs,right,350507,351224
2,blobs,right,351241,351975
2,blobs,left,351992,352846
2,blobs,right,352862,353716
2,blobs,left,353734,354586
2,blobs,right,354603,355371
2,blobs,right,355388,356241
2,blobs,right,356263,357368
2,blobs,right,357384,358358
2,blobs,left,358379,359740
2,blobs,left,359847,360781
2,blobs,left,360797,361890
2,blobs,right,361906,362948
2,blobs,left,362965,363887
2,blobs,right,363904,364962
2,blobs,right,364978,366088
2,blobs,right,366105,367215
2,blobs,left,367231,368034
2,blobs,left,368050,368973
2,blobs,right,368994,370150
2,blobs,right,370166,371327
2,blobs,right,371344,372335
2,blobs,right,372351,373802
2,blobs,left,373818,375184
2,blobs,right,375201,376242
2,blobs,right,376259,377386
2,blobs,left,377402,378324
2,blobs,left,378341,379502
2,blobs,left,379523,380235
2,blobs,right,380257,380901
2,blobs,left,380922,381584
2,blobs,left,381600,382283
2,blobs,right,382300,383256
2,blobs,right,383273,384007
2,blobs,left,384023,385423
2,blobs,right,385440,386584
2,blobs,left,386600,388000
2,blobs,left,388017,389468
2,blobs,left,389485,391277
2,blobs,right,391293,393154
2,blobs,left,393171,394536
2,blobs,right,394558,395475
3,dots,left,412933,414025
3,dots,right,414191,415048
3,dots,right,415195,415936
3,dots,right,416103,416925
3,dots,left,417082,417848
3,dots,left,418002,419554
3,dots,right,419733,420629
3,dots,right,420765,422352
3,dots,right,422491,423735
3,dots,left,423869,424776
3,dots,left,424947,426056
3,dots,right,426186,427489
3,dots,right,427651,428581
3,dots,left,428764,429623
3,dots,left,429798,431090
3,dots,left,431278,432472
3,dots,right,432643,434400
3,dots,right,434575,435697
3,dots,right,435849,436977
3,dots,left,437175,438224
3,dots,right,438367,439844
3,dots,left,440009,441244
3,dots,right,441406,442626
3,dots,left,442776,444179
3,dots,right,444340,445680
3,dots,left,445849,447132
3,dots,right,447303,448752
3,dots,right,448918,449708
3,dots,right,449887,450834
3,dots,left,451007,451842
3,dots,left,452004,452917
3,dots,right,453065,454196
3,dots,left,454358,455494
3,dots,right,455658,456517
3,dots,right,456699,457695
3,dots,left,457834,458771
3,dots,right,458920,460118
3,dots,right,460290,461159
3,dots,right,461322,462627
3,dots,right,462825,463941
3,dots,right,464096,465818
3,dots,left,465961,467115
3,dots,left,467293,468293
3,dots,left,468455,469692
3,dots,right,469839,470920
3,dots,right,471081,472098
3,dots,right,472250,473617
3,dots,right,473771,474777
3,dots,right,474941,476040
3,dots,left,476204,477184
3,blobs,left,478463,479368
3,blobs,right,479385,480222
3,blobs,right,480242,481024
3,blobs,left,481041,481775
3,blobs,left,481791,483277
3,blobs,right,483293,484096
3,blobs,right,484112,485051
3,blobs,right,485068,485768
3,blobs,right,485785,486638
3,blobs,right,486741,487935
3,blobs,left,487956,488806
3,blobs,left,488822,490256
3,blobs,left,490272,491809
3,blobs,right,491826,492662
3,blobs,right,492679,493516
3,blobs,left,493532,494249
3,blobs,right,494266,495000
3,blobs,left,495020,496024
3,blobs,left,496041,496775
3,blobs,left,496795,497509
3,blobs,right,497526,498192
3,blobs,left,498208,499591
3,blobs,right,499611,500649
3,blobs,right,500666,501519
3,blobs,right,501540,502816
3,blobs,left,502837,503772
3,blobs,left,503789,504915
3,blobs,right,504932,505649
3,blobs,right,505670,506451
3,blobs,right,506473,507219
3,blobs,left,507236,508721
3,blobs,left,508738,510223
3,blobs,right,510243,511298
3,blobs,left,511315,512663
3,blobs,left,512680,513551
3,blobs,left,513567,514574
3,blobs,left,514591,515445
3,blobs,right,515461,516230
3,blobs,right,516246,517527
3,blobs,right,517544,518943
3,blobs,left,518964,519677
3,blobs,right,519698,520325
3,blobs,left,520347,521384
3,blobs,left,521401,522100
3,blobs,left,522121,523073
3,blobs,left,523090,524421
3,blobs,left,524438,525411
3,blobs,left,525432,526281
3,blobs,left,526302,527271
3,blobs,right,527293,528124
4,dots,left,531418,532425
4,dots,right,532592,533431
4,dots,left,533568,534285
4,dots,right,534448,535138
4,dots,right,535321,536161
4,dots,right,536313,537083
4,dots,right,537240,538004
4,dots,left,538143,538961
4,dots,left,539120,540053
4,dots,left,540192,540957
4,dots,right,541130,541861
4,dots,right,541995,542987
4,dots,left,543136,543995
4,dots,left,544153,544780
4,dots,left,544951,545548
4,dots,right,545724,546520
4,dots,left,546701,547425
4,dots,right,547583,548244
4,dots,left,548408,549251
4,dots,left,549453,550139
4,dots,right,550306,550957
4,dots,right,551100,551930
4,dots,right,552073,552886
4,dots,right,553041,553910
4,dots,right,554093,555087
4,dots,left,555259,556094
4,dots,right,556266,557084
4,dots,right,557239,557971
4,dots,left,558137,559047
4,dots,left,559194,559951
4,dots,left,560136,560975
4,dots,right,561126,562050
4,dots,left,562237,563535
4,dots,left,563703,564849
4,dots,right,565012,565838
4,dots,left,565970,567136
4,dots,left,567287,568057
4,dots,right,568211,569456
4,dots,left,569648,570873
4,dots,left,571054,572000
4,dots,left,572161,573416
4,dots,left,573575,574474
4,dots,left,574638,575395
4,dots,left,575578,576504
4,dots,right,576648,577528
4,dots,left,577671,578450
4,dots,right,578599,579303
4,dots,left,579478,580430
4,dots,left,580585,581846
4,dots,right,582003,582818
4,blobs,left,584662,585379
4,blobs,right,585395,586010
4,blobs,right,586026,586795
4,blobs,left,586812,587393
4,blobs,left,587409,588297
4,blobs,right,588313,589014
4,blobs,left,589110,590635
4,blobs,left,590651,591386
4,blobs,right,591402,592102
4,blobs,left,592119,593297
4,blobs,left,593314,594202
4,blobs,right,594225,594987
4,blobs,left,595003,595618
4,blobs,right,595634,596249
4,blobs,right,596266,596847
4,blobs,left,596863,597444
4,blobs,right,597460,598007
4,blobs,right,598028,598809
4,blobs,left,598826,599526
4,blobs,left,599542,600089
4,blobs,right,600106,600652
4,blobs,left,600668,601472
4,blobs,left,601488,602154
4,blobs,right,602170,602854
4,blobs,left,602871,603588
4,blobs,left,603604,604253
4,blobs,left,604270,605294
4,blobs,right,605310,605960
4,blobs,right,605976,606710
4,blobs,left,606727,607461
4,blobs,right,607478,608178
4,blobs,left,608194,608878
4,blobs,right,608894,609612
4,blobs,right,609629,610499
4,blobs,left,610515,611352
4,blobs,left,611369,612547
4,blobs,left,612568,613281
4,blobs,right,613298,614066
4,blobs,right,614083,615465
4,blobs,right,615482,616404
4,blobs,left,616425,617240
4,blobs,right,617257,617888
4,blobs,left,617905,618793
4,blobs,left,618813,620175
4,blobs,left,620192,621028
4,blobs,right,621048,622001
4,blobs,left,622018,623008
4,blobs,left,623024,623998
4,blobs,left,624018,625209
4,blobs,right,625230,626302
